{
    "text": " I suppose you're like a baby before. bed",
    "segments": [
        {
            "id": 0,
            "seek": 0,
            "start": 0.0,
            "end": 6.5,
            "text": " I suppose you're like a baby before.",
            "tokens": [
                50364,
                286,
                7297,
                291,
                434,
                411,
                257,
                3186,
                949,
                13,
                50689
            ],
            "temperature": 1.0,
            "avg_logprob": -4.005527750651042,
            "compression_ratio": 0.8695652173913043,
            "no_speech_prob": 0.3287835419178009
        },
        {
            "id": 1,
            "seek": 0,
            "start": 6.5,
            "end": 11.28,
            "text": " bed",
            "tokens": [
                50689,
                2901,
                50928
            ],
            "temperature": 1.0,
            "avg_logprob": -4.005527750651042,
            "compression_ratio": 0.8695652173913043,
            "no_speech_prob": 0.3287835419178009
        }
    ],
    "language": "en"
}